{"headgroup": 0.5609548071509438, "tails": 0.6102039922419145, "total": 0.593787597211591}