{"sn-1": 0.2783956628430937, "sn-2": 0.24961700228500155, "headgroup": 0.5797551968519047, "total": 0.36925595399333333}