{"headgroup": 0.5797551968519047, "tails": 0.2640063325640476, "total": 0.36925595399333333}