{
    "M_G3C4_M M_G3C4H1_M": [
        [0.0646738, 0.02]
    ],
    "M_G3C4_M M_G3C4H2_M": [
        [0.069776, 0.02]
    ]
}