{"sn-1": NaN, "sn-2": NaN, "headgroup": 0.05712004179757746, "total": 0.05712004179757746}