{
    "10.1002/j.1460-2075.1987.tb02595.x": {
        "M_G3C4_M M_G3C4H1_M": [0.0404788, 0.022614, 0.0012105, 0.0646738, 0.02, 0.0807061],
        "M_G3C4_M M_G3C4H2_M": [0.0408555, 0.0216177, 0.00115717, 0.069776, 0.02, 0.0335339]
    }
}