{"headgroup": 0.00020471956355516208, "tails": 0.0, "total": 0.00020471956355516208}