{"headgroup": 0.0014722904923732526, "tails": 0.0, "total": 0.0014722904923732526}