{"headgroup": 0.0018424663875985271, "tails": 0.0, "total": 0.0018424663875985271}