{"sn-1": NaN, "sn-2": NaN, "headgroup": 0.0031610735675022266, "total": 0.0031610735675022266}