{
    "10.1002/j.1460-2075.1987.tb02595.x": {
        "M_G3C4_M M_G3C4H1_M": [0.161424, 0.0461749, 0.00247168, 0.0646738, 0.02, 0.00350958],
        "M_G3C4_M M_G3C4H2_M": [0.172784, 0.0421586, 0.0022567, 0.069776, 0.02, 0.00281257]
    }
}