{"headgroup": 8.147785632963789e-05, "tails": 0.0, "total": 8.147785632963789e-05}