{"headgroup": 0.06023376738605992, "tails": 0.40291441989871424, "total": 0.2886875357278295}