{"sn-1": NaN, "sn-2": NaN, "headgroup": 0.01231376532213202, "total": 0.01231376532213202}