{
    "10.1002/j.1460-2075.1987.tb02595.x": {
        "M_G3C4_M M_G3C4H1_M": [0.0317711, 0.0142379, 0.000762136, 0.0646738, 0.02, 0.0141947],
        "M_G3C4_M M_G3C4H2_M": [0.0326605, 0.0149793, 0.000801825, 0.069776, 0.02, 0.0104329]
    }
}