{"headgroup": 0.0003971933142347038, "tails": 0.0, "total": 0.0003971933142347038}