{"headgroup": 0.00031739191776745745, "tails": 0.0, "total": 0.00031739191776745745}